{"labels": ["forward-resnet50-bs_64", "forward-resnet101-bs_128", "backward-resnet50-bs_256", "backward-resnet50-bs_64", "forward-resnet50-bs_256", "forward-resnet101-bs_64", "backward-resnet101-bs_256", "forward-resnet101-bs_256", "backward-resnet50-bs_128", "backward-resnet101-bs_128", "forward-resnet50-bs_128", "backward-resnet101-bs_64"], "state": ["fine", "fine", "fine", "fine", "fine", "fine", "fine", "error", "fine", "fine", "fine", "fine"], "device_time": [0.036, 0.108, 34.203, 9.999, 0.131, 0.058, 56.238, 0.0, 17.884, 30.172, 0.068, 17.924], "flops": [14835367470900.736, 18659262829307.973, 18545709566349.797, 15859506896551.463, 16149908356349.244, 17483704261729.084, 21468144778690.945, 0.0, 17734012738201.703, 20007772301825.89, 15613211838645.047, 16839766629965.719], "memory": [0.0, 0.0, 0.0, 0.0, 0.0, 0.0, 0.0, 0.0, 0.0, 0.0, 0.0, 0.0], "example_per_sec": [1796.183, 1186.938, 748.471, 640.06, 1955.341, 1112.159, 455.205, 0.0, 715.712, 424.239, 1890.361, 357.066], "arithemetic_intensity": [2354.409559422594, 1033.8565174889266, 370.16771126851893, 1258.471511346467, 644.6962400741148, 1927.8819217266941, 298.11148936362713, 0.0, 706.4853444339255, 554.2867899954514, 1243.99429575052, 928.4383093539204], "params": [0, 0, 0, 0, 0, 0, 0, 0, 0, 0, 0, 0]}