{"labels": ["forward-resnet50-bs_64", "forward-densenet201-bs_128", "forward-resnet101-bs_128", "backward-resnet50-bs_256", "forward-densenet121-bs_256", "backward-resnet50-bs_64", "backward-densenet121-bs_64", "forward-resnet50-bs_256", "forward-resnet101-bs_64", "forward-densenet201-bs_64", "backward-resnet101-bs_256", "forward-resnet101-bs_256", "backward-densenet121-bs_128", "forward-densenet201-bs_256", "backward-resnet50-bs_128", "backward-resnet101-bs_128", "forward-resnet50-bs_128", "forward-densenet121-bs_128", "backward-resnet101-bs_64", "forward-densenet121-bs_64"], "state": ["fine", "error", "fine", "fine", "error", "fine", "fine", "fine", "fine", "fine", "fine", "error", "error", "error", "fine", "fine", "fine", "fine", "fine", "fine"], "device_time": [0.311, 0.0, 0.601, 14.764, 0.0, 7.964, 51.058, 0.556, 0.595, 1.394, 22.985, 0.0, 0.0, 0.0, 11.584, 18.854, 0.344, 0.75, 24.012, 0.842], "flops": [16973005888040.543, 0.0, 33468574718216.15, 42963659898069.9, 0.0, 19911176512452.86, 2182310939728.2715, 38030785547869.88, 16896788217676.666, 4038770285993.9546, 52526029239965.23, 0.0, 0.0, 0.0, 27378460805202.895, 32017813340769.38, 30751176282180.984, 9904794592379.314, 12569944937036.594, 4408975781052.932], "memory": [0.0, 0.0, 0.0, 0.0, 0.0, 0.0, 0.0, 0.0, 0.0, 0.0, 0.0, 0.0, 0.0, 0.0, 0.0, 0.0, 0.0, 0.0, 0.0, 0.0], "example_per_sec": [2054.997, 0.0, 2128.976, 1733.934, 0.0, 803.578, 125.349, 4604.557, 1074.825, 459.049, 1113.748, 0.0, 0.0, 0.0, 1104.944, 678.897, 3723.182, 1706.749, 266.53, 759.734], "arithemetic_intensity": [2693.6580703728505, 0.0, 1854.398237487937, 857.5438753254342, 0.0, 1579.9765126216776, 118.6768079372031, 1518.1698811397569, 1863.1642386795834, 289.1160573941026, 729.3882619343071, 0.0, 0.0, 0.0, 1090.6996401535177, 887.0078443320259, 2450.1229009118233, 539.1128345826518, 693.0273252865076, 479.53127342426274], "params": [0, 0, 0, 0, 0, 0, 0, 0, 0, 0, 0, 0, 0, 0, 0, 0, 0, 0, 0, 0]}